{
  "devices": {
    "motor_x": {
      "pins": [
        3,
        4,
        5,
        6,
        7
      ],
      "length": 0.46
    },
    "motor_y": {
      "pins": [
        10,
        11,
        12,
        8,
        9
      ],
      "length": 0.51
    },
    "motor_z": {
      "pins": [
        14,
        15,
        16
      ],
      "length": 0.05
    }
  },
  "motor_x": {
    "clockwise": true,
    "freq": 1000,
    "speed": 0.07318151570596898
  },
  "motor_y": {
    "clockwise": false,
    "freq": 1000,
    "speed": 0.08038319798998698
  },
  "motor_z": {
    "clockwise": true,
    "freq": 4000,
    "speed": 0.03172592022210098
  }
}