{
  "devices": {
    "motor_x": [5, 3, 4, 6, 7],
    "motor_y": [10, 8, 9, 11, 12],
    "motor_z": [16, 14, 15]
  },
  "motor_x": {
    "direction": true,
    "freq": 500,
    "time": 12.59495687800063
  },
  "motor_y": {
    "direction": false,
    "freq": 500,
    "time": 11.36609055000008
  }
}
