{
  "devices": {
    "motor_x": {
      "pins": [ 3, 4, 5, 6, 7 ],
      "length": 0.60
    },
    "motor_y": {
      "pins": [ 10, 11, 12, 9, 8 ],
      "length": 0.60
    },
    "motor_z": {
      "pins": [ 14, 15, 16 ],
      "length": 0.05
    },
    "pump": {
      "pin": 18
    }
  },
  "motor_x": {
    "clockwise": true,
    "freq": 1000,
    "speed": 0.10318151570596898
  },
  "motor_y": {
    "clockwise": false,
    "freq": 1000,
    "speed": 0.10318319798998698
  },
  "motor_z": {
    "clockwise": true,
    "freq": 4000,
    "speed": 0.05172592022210098
  }
}
